Design ; Data Path (ps) ;  Freq (MHz) ;  Cell Area ; Total Area ; Total Power(uW)
CLA ;1954 ; 511.77072671443193000000 ; 2956.586 ; 5384.939 ; 381,18599999999997862687
RCA ;4350 ; 229.88505747126436000000 ; 1806.733 ; 3319.994 ; 335,70799999999996998667
Kogge-Stone ;2092 ; 478.01147227533460000000 ; 3131.754 ; 5707.169 ; 397,53600000000000136424
Brent-Kung ;2115 ; 472.81323877068557000000 ; 2469.869 ; 4477.746 ; 344,06200000000001182343
Sklansky ;1973 ; 506.84237202230106000000 ; 2812.698 ; 5022.894 ; 371,26800000000002910383
Ladner-Fischer ;1944 ; 514.40329218106995000000 ; 2841.475 ; 5084.913 ; 369,31399999999996452971
Han-Carlson ;2130 ; 469.48356807511737000000 ; 2763.901 ; 5036.838 ; 350,85500000000001818989
Signal ;1390 ; 719.42446043165467000000 ; 2747.635 ; 5267.185 ; 415,29000000000002046363
CSkA8 ;4755 ; 210.30494216614090000000 ; 2333.488 ; 4217.015 ; 375,48200000000002773959
CIA ;1848 ; 541.12554112554112000000 ; 3204.323 ; 5714.649 ; 474,70699999999999363354
CSkA4 ;5013 ; 199.48134849391581000000 ; 2337.242 ; 4234.257 ; 391,87400000000002364686
CSLA8888 ;2099 ; 476.41734159123392000000 ; 3094.218 ; 5425.197 ; 550,78200000000003910827
CSLA56678 ;1872 ; 534.18803418803418000000 ; 3345.709 ; 6041.907 ; 579,79800000000000181899
CSLA66668 ;1959 ; 510.46452271567126000000 ; 2979.107 ; 5249.347 ; 508,05999999999994543032
