Design ; Data Path (ps) ;  Freq (MHz) ;  Cell Area ; Total Area ;  Total Power(uW)
CLA ;1953.000 ; 512.03277009728622631000 ; 2880.262 ; 4230.307 ; 349.63934000000000000000
RCA ;4335.000 ; 230.68050749711649365000 ; 1502.691 ; 2589.984 ; 282.70186000000000000000
Kogge-Stone ;2092.000 ; 478.01147227533460803000 ; 3280.646 ; 4474.291 ; 423.47954000000000000000
Brent-Kung ;2114.000 ; 473.03689687795648060000 ; 2453.603 ; 3547.152 ; 318.44749000000000000000
Sklansky ;1972.000 ; 507.09939148073022312000 ; 2852.736 ; 4028.864 ; 353.16595000000000000000
Ladner-Fischer ;1944.000 ; 514.40329218106995884000 ; 2786.422 ; 4086.419 ; 337.88308000000000000000
Han-Carlson ;2130.000 ; 469.48356807511737089000 ; 2797.683 ; 3971.309 ; 346.95066000000000000000
Signal ;1390.000 ; 719.42446043165467625000 ; 2802.688 ; 3942.531 ; 393.83424000000000000000
CSkA8 ;4753.000 ; 210.39343572480538607000 ; 1944.365 ; 3336.950 ; 306.53452000000000000000
CIA ;1848.000 ; 541.12554112554112554000 ; 2992.870 ; 4594.406 ; 437.02115000000000000000
CSkA4 ;5014.000 ; 199.44156362185879537000 ; 1983.152 ; 3363.226 ; 320.19284000000000000000
CSLA8888 ;2096.000 ; 477.09923664122137404000 ; 2932.813 ; 4444.262 ; 509.57416000000000000000
CSLA56678 ;1872.000 ; 534.18803418803418803000 ; 2910.291 ; 4785.840 ; 500.27948000000000000000
CSLA66668 ;1956.000 ; 511.24744376278118609000 ; 2803.939 ; 4259.085 ; 456.82476000000000000000
